Tom and Jerry;E7lwxBBnGEg;1
Tom and Jerry;KW8fGRTFWKc;14
Tom and Jerry;fgqEyC19538;20
Tom and Jerry;cacPft01728;1
Tom and Jerry;ig1AWUbw0hQ;1
Tom and Jerry;xBsi-wU3UU4;4
Scooby-Doo, Where Are You!;eZXg6Uaxd2k;1
Scooby-Doo, Where Are You!;zV51LdERPuU;1
Scooby-Doo, Where Are You!;ChNmaeY_Sos;6
Scooby-Doo, Where Are You!;0APbKn169CM;1
Scooby-Doo, Where Are You!;3Fzi4lBzqIg;8
SpongeBob SquarePants;UvrS8PcBC5A;1
SpongeBob SquarePants;W_uXDTxRLB8;9
SpongeBob SquarePants;uP-Gy7vOOn4;26
SpongeBob SquarePants;iVzF9fe89TU;20
Looney Tunes;zXNoqHEgoR8;1
Avatar: The Last Airbender;kXShLPXfWZA;1
Avatar: The Last Airbender;5WjcDji3xYc;1
The Tom and Jerry Show;-HcKrd3K8_A;2
The Tom and Jerry Show;nhkCf99bXgI;2
The Tom and Jerry Show;4luIVYME758;2
The Tom and Jerry Show;HEDAMSp-FfE;1
The Simpsons;a1nmZq1KEHk;6
The Simpsons;YFnTRslX1rQ;7
The Simpsons;p1GIdRQj5Vo;4
The Simpsons;_4BgezOKdy4;2
Phineas and Ferb;ehhmN6kPDIU;2
Teen Titans;lCTtVQv5m9w;8
Teen Titans;idS-UK3Ibyc;2
Teen Titans;fxVjtF_-R24;3
Teen Titans;hxZroR1YYfE;1
Rick and Morty;K8DaX0FFthc;13
Rick and Morty;9_LTYgUL8t8;23
Rick and Morty;s_1lP4CBKOg;13
Rick and Morty;BSF5yoD-vC4;62
Rick and Morty;a_gfN3FGblk;1
Rick and Morty;EBYsx1QWF9A;13
Gravity Falls;_Jbq2EEPG14;11
Gravity Falls;7gYDoPosZgM;1
Gravity Falls;begz646cJik;11
Gravity Falls;03EuZ8SS8fs;11
Gravity Falls;XPBDZ3Sse0s;1
The Bugs Bunny Show;D63UB6BWh9U;1
The Bugs Bunny Show;Z0QMQ5eqDpA;1
The Bugs Bunny Show;sWSS1udxST4;1
The Bugs Bunny Show;VmntYtLPM5k;1
What's New, Scooby-Doo?;3Fzi4lBzqIg;8
What's New, Scooby-Doo?;VTBwpp50r9E;1
What's New, Scooby-Doo?;P1tum7DKHJ0;2
Wile E. Coyote and The Road Runner;0R66Fvhx0vQ;1
Wile E. Coyote and The Road Runner;wRSHzenjiNA;2
Wile E. Coyote and The Road Runner;FeswQ_cCfKc;4
DuckTales;cS5rl_wULWE;1
Dexter's Laboratory;fTJYHijAKLs;3
Dexter's Laboratory;Mhfdw74erqc;2
Dexter's Laboratory;fOR9DJSBQi0;1
Dexter's Laboratory;6Zm6xtU7B_w;2
Dexter's Laboratory;NZd_-i1Z21Q;1
Courage the Cowardly Dog;Faq4wNUCufM;3
Courage the Cowardly Dog;XjrfLO6rHMI;10
Courage the Cowardly Dog;mR0jWj1Bcus;3
Courage the Cowardly Dog;dbQf2kBRA0Q;4
Courage the Cowardly Dog;NCLWwYiWW0E;1
Courage the Cowardly Dog;ZGGz4iJp9P0;1
Teenage Mutant Ninja Turtles;YNBl-dsgNfg;2
Teenage Mutant Ninja Turtles;uATEOd4FSfg;1
Teenage Mutant Ninja Turtles;RTHdDxOKX68;5
Teenage Mutant Ninja Turtles;7ZAeSU5usas;1
Pokémon;pYczXY6A9_4;2
Pokémon;MfgCYbgxic8;8
The Pink Panther;Ey1kFYVXH7w;1
The Pink Panther;OYUcnAHDpZM;3
The Pink Panther;HZryl5nJr00;10
The Pink Panther;tDSM7AKfVJg;2
The Pink Panther;gKfnZ_Yn5Mg;3
The Pink Panther;xMiRxq12Fx0;1
Adventure Time;oiLdWXLXDeA;22
Adventure Time;PKrolt7k4UE;2
Adventure Time;Vy14sIAZefY;1
South Park;gpsNPUG1_NY;2
South Park;9_wKHixTXOg;6
South Park;Cl9Wg_8nmCM;1
South Park;u8xscMwM_cc;15
South Park;uo63QQsm5Dw;42
South Park;j1PvB3lpKRg;2
South Park;hQt-tyb4G5c;2
South Park;ApWdEeXmbxI;2
South Park;hR_Dx0PIvwc;1
Animaniacs;wg01TY2dtOw;7
Animaniacs;bfuL2DU_Ekg;6
Futurama;0oaa6bdKyD4;1
Futurama;Om4fFGlXJ_4;1
Futurama;XSK08u6x1Vw;1
Tweety and Sylvester;w-tZef9gmug;1
Kim Possible;vvvHLoJIQEM;2
Kim Possible;vQ84-ZNHagY;9
Kim Possible;XS3g_z7DHNU;2
Kim Possible;5Y-X1Uz4NgU;2
Kim Possible;iXRINVQvf50;2
Kim Possible;DrNJRF1jfqk;5
Kim Possible;a7wA_COV31w;3
Kim Possible;S3jCbFkvTHU;2
The Peanuts;dAj2E-LY59w;1
The Peanuts;El7chqzwKlo;1
The Peanuts;QlqV3nm6Lrk;1
Pinky and the Brain;TSGbLxbiODo;7
Pinky and the Brain;6SvzpFCm8C4;1
Pinky and the Brain;JTWHkKDJ6Ws;1
Pinky and the Brain;n9aYrURLHh0;6
Pinky and the Brain;ml5H4dQkvMY;1
Ed, Edd n Eddy;SEG92Z_NGJE;4
Ed, Edd n Eddy;jQWZjVploT8;27
Ed, Edd n Eddy;7Lb8zdkIn2k;8
The Looney Tunes Show;5TNjyoRdDBc;1
The Looney Tunes Show;Zh9OpBPNyDE;3
The Looney Tunes Show;kZVJSWb2XL8;1
The Looney Tunes Show;pGefgt6tYBQ;1
Spider-Man;2MtnNFcSwPk;1
Spider-Man;qN3Y1DrMCX8;2
Spider-Man;R3QRowVugMA;3
The Powerpuff Girls;W43mylyGw7A;2
The Powerpuff Girls;PlpUABjD_p0;4
The Powerpuff Girls;RAnLaVGhCAY;1
The Powerpuff Girls;CLhLsA2S0Bs;4
The Pink Panther Show;OYUcnAHDpZM;3
The Pink Panther Show;bii-PIGprv8;1
The Pink Panther Show;WOreTQ3PMSM;1
The Pink Panther Show;n035qnxxbO0;3
Dragon Ball Z;krCoACMWzD8;123
Dragon Ball Z;Tb7Fuq1OAgg;1
Dragon Ball Z;zILNEeb6rgc;1
Dragon Ball Z;31AGbqUMizc;12
Dragon Ball Z;ObA3BiNAEO8;14
Dragon Ball Z;AXe-9PrpHZE;4
Dragon Ball Z;rovLs3lIjyo;44
Dragon Ball Z;H5cMzGcEFJ0;8
Rugrats;68cQFc8aYbs;7
Rugrats;3fyWMYHjQzs;15
The Scooby-Doo Show;3u2EAfHmdbE;1
The Scooby-Doo Show;ekbwtceKP8U;1
The Scooby-Doo Show;hkP7bpGD4tI;1
Batman: The Animated Series;rrmUk2YUm14;3
Batman: The Animated Series;mJ4Vm8-vrP0;1
Batman: The Animated Series;dZLpDvQ6vFI;9
Batman: The Animated Series;UYAnkdhe9KE;1
Batman: The Animated Series;nKfePD_ujwk;3
The Grim Adventures of Billy and Mandy;KSssfTZYWSk;1
The Grim Adventures of Billy and Mandy;Pj7zGdqJOBo;2
The Grim Adventures of Billy and Mandy;vpLRJyWe814;2
The Grim Adventures of Billy and Mandy;j5kJ3gt6io8;6
The Grim Adventures of Billy and Mandy;r6-JlK04sDs;1
Danny Phantom;6JeSS_CODZ0;3
Danny Phantom;wI11ZXT1M34;42
Danny Phantom;ckLsImca4IQ;2
Danny Phantom;cYXwzzWYcNc;17
Danny Phantom;rL3-e4e5UUk;4
Tiny Toon Adventures;r7EyfDKvLm8;1
Tiny Toon Adventures;iK2B8PeIbVE;2
Family Guy;sOug2Krj540;2
Family Guy;M1kPBg0PtnA;1
Family Guy;olNhH84bOIA;1
The Magic School Bus;hHdHZqTzbyE;1
The Magic School Bus;Rce6HTFBaFg;2
Justice League;XIOU_k4mwDw;46
Justice League;IAGz2bDlwqA;6
Justice League;uC9qU3X1JgM;45
Justice League;1ZRBL9PwG5E;5
Justice League;3cxixDgHUYw;7
Justice League;vVEa1aPy7P4;3
Justice League;44xlrlUvOiY;4
Justice League;xy62MyYWnU4;6
Yogi Bear;qL5qjeKRBKU;3
Yogi Bear;Jfi6LvGym2Y;1
Yogi Bear;m6w0r-ScEG4;4
Yogi Bear;eNB5YdSQRtc;4
X-Men: The Animated Series;I8BobmZglOk;2
X-Men: The Animated Series;uBb-pAhYaYk;3
X-Men: The Animated Series;_ETpY3fQvgE;8
Codename: Kids Next Door;91gFmtQsgRI;6
Codename: Kids Next Door;-u4ZBtFKsZM;8
Codename: Kids Next Door;Iod9eYENFic;7
Codename: Kids Next Door;4S5-2RZw6Ac;5
Codename: Kids Next Door;MmZ7cDXy4hY;5
Regular Show;_aRqcpkpIxs;3
Regular Show;x3kuJhRdsDQ;14
Regular Show;c9YKuOZXQyg;19
Regular Show;sjtwMAUEdoY;5
Regular Show;QxEky27KXps;1
Scooby-Doo! Mystery, Inc.;VcjNHczzsjc;1
Scooby-Doo! Mystery, Inc.;00xaaqCizvM;4
Scooby-Doo! Mystery, Inc.;U0Bjl2x1ZMw;1
Scooby-Doo! Mystery, Inc.;l_PuOCqlfvk;3
Scooby-Doo! Mystery, Inc.;UdDEQh8i15c;2
Scooby-Doo! Mystery, Inc.;shBqqazxj6I;4
Scooby-Doo! Mystery, Inc.;QmvueXX6mlo;1
Scooby-Doo! Mystery, Inc.;q76evm7Qtws;2
The Adventures of Jimmy Neutron: Boy Genius;fYXfFl-vrFg;1
The Adventures of Jimmy Neutron: Boy Genius;OhsXUPDBX90;1
Recess;WH8QnOdlrQg;1
Recess;NWuvOQtzuGE;7
Recess;SdxFbVQLQ0U;1
Recess;MAblF_TKe_U;1
Recess;R8i6VZ1vIY8;5
Recess;x1L5EcjHddU;1
Samurai Jack;EDezpt2Qc9A;1
Samurai Jack;kmPpndvF2_E;14
Samurai Jack;Yfl39TqdI28;1
Samurai Jack;HMPan1iQfbE;3
Samurai Jack;4iBU_D36-AA;7
Samurai Jack;24AMdxdVHbI;2
Tom and Jerry Tales;m2jKDF40iVg;1
Johnny Bravo;aCVw6igO7U4;4
Johnny Bravo;kdHXVYoQEfg;5
Johnny Bravo;aNewqV7OgEg;5
Johnny Bravo;7HzxiD5bAi8;2
Johnny Bravo;CFAjCvr-EqQ;1
Johnny Bravo;kn0b2_DZauM;2
Bob's Burgers;l2UL4fWLY5Q;2
Bob's Burgers;2LGHR-2TDvU;1
Ben 10;tQpYSCpyFlc;1
Ben 10;tyd34MrqzMc;48
Ben 10;P5oTM2vrSV8;31
Ben 10;1lMEple03Xk;9
The Jetsons;1oDaHRbIDH8;1
The Jetsons;tTq6Tofmo7E;2
The Jetsons;cnWDXA4MQHE;7
The Jetsons;HsjgGOPanGI;1
Foster's Home for Imaginary Friends;yIttmZMAnnY;1
Foster's Home for Imaginary Friends;ubpIh6IO4RU;1
Foster's Home for Imaginary Friends;4KsuX3VXGHk;1
Foster's Home for Imaginary Friends;auZWijAOOns;1
Foster's Home for Imaginary Friends;N0-6I9P17oM;6
Foster's Home for Imaginary Friends;nNMZQzfIm38;2
Foster's Home for Imaginary Friends;VThFCwfgY0w;4
The Bugs Bunny/Road Runner Show;7-ArSeEzrEU;1
The Bugs Bunny/Road Runner Show;4uHy3sZJWLg;3
Chip 'n Dale Rescue Rangers;9KXgLQXtibk;1
Chip 'n Dale Rescue Rangers;N0PJfIO64EU;1
Chip 'n Dale Rescue Rangers;wfxIa-643zI;1
Chip 'n Dale Rescue Rangers;spSJZWxhRNk;4
Chip 'n Dale Rescue Rangers;JSPG9NPj73E;2
The Flintstones;KpY5U-tlc30;3
The Smurfs;NVcSNnqRD0c;1
Taz-Mania;StG2u5qfFRg;1
Taz-Mania;cuos9YvAcsY;1
Hey Arnold!;3I6B-V286x4;1
Hey Arnold!;vx0yBvK40hc;6
Hey Arnold!;UtmoADcW2X0;1
Hey Arnold!;jFANLwNyfhc;3
Hey Arnold!;ORMLvvgbRQk;20
Batman Beyond;_0yiG62ROkM;3
Batman Beyond;ODDIjBXBxJc;2
Batman Beyond;Hx7CdrjGFZo;1
Batman Beyond;z65aq1EVGhs;3
Batman Beyond;As04VInQ-3U;16
Batman Beyond;kVcAuHuT2Jg;1
Batman Beyond;PDxxO50WxZ4;18
The Bugs Bunny and Tweety Show;veaDEdVZryA;1
The Bugs Bunny and Tweety Show;QdrasqZw_jE;1
The Bugs Bunny and Tweety Show;pWTNgqxA4vg;1
Inspector Gadget;YfFlhluPmDM;2
Inspector Gadget;e-JHfXVlkik;7
Inspector Gadget;HPAqPU9zOHE;5
Inspector Gadget;TxEXutkXimQ;8
Inspector Gadget;Qg5Pasm4ktE;4
Aladdin;eGLSPyGszjo;24
Aladdin;1at7kKzBYxI;14
Aladdin;mw5VIEIvuMI;74
Aladdin;eitDnP0_83k;30
Aladdin;foyufD52aog;34
The Amazing World of Gumball;pZ10lwZYtM0;11
The Amazing World of Gumball;RTPmgmanRzE;1
The Amazing World of Gumball;V4VnbHs8954;1
The Amazing World of Gumball;QHLp34F9wpo;1
The Amazing World of Gumball;_ITpTAzbTtw;2
The Amazing World of Gumball;Y4YDGY55SxY;1
The Amazing World of Gumball;H7DNDlZSKks;4
CatDog;uOrSYkLWkZM;8
CatDog;zyPLFKiZL-o;1
CatDog;YFr5T5zLBVg;1
CatDog;0J3RQCVXLcA;6
Darkwing Duck;1GVjiFLoJY0;3
Darkwing Duck;G-kRVeKCvQc;7
Darkwing Duck;tMWRSa0Y4Qo;3
Darkwing Duck;wUVcd8pIA4A;1
Darkwing Duck;_bR_MMD3DB4;3
Gargoyles;5QTyi0koWgI;3
Gargoyles;ygrEVnrg3Ic;1
Gargoyles;rcYgqlqMLBM;5
Gargoyles;Fzc2eeQqFB0;1
A Pup Named Scooby-Doo;C_4Qy-pxAtA;1
A Pup Named Scooby-Doo;ChNmaeY_Sos;6
King of the Hill;kAPRog_1z7A;2
King of the Hill;LrGucxOZxlc;2
King of the Hill;v6v6xXXQuO0;1
King of the Hill;HTS3Sh9dBrI;3
Arthur;ExwtgMtovyY;98
Arthur;tbSEAQWCPUQ;1
Alvin and the Chipmunks;3cz-X0FJiiQ;68
Alvin and the Chipmunks;IGHNJVH7dH4;2
Alvin and the Chipmunks;I2jetO_ky7U;1
Alvin and the Chipmunks;_PTVgVAxNN0;1
Alvin and the Chipmunks;numwTzdti08;2
TaleSpin;ocCzpchfLeg;2
TaleSpin;pB2l8pLPvgE;1
TaleSpin;S-mAl4_4qTg;1
TaleSpin;xPBw1ceLeP8;2
Invader Zim;HzfOk0Dsba0;1
Invader Zim;bKPzuTkcuxI;2
Invader Zim;5ebKV79EOjs;2
Invader Zim;D7PgivGdQic;2
Invader Zim;w-qcpexq4VU;3
Invader Zim;Xh1bhzx0NIo;2
Justice League Unlimited;yg96jTVpmVY;1
Justice League Unlimited;WwVgB0MRCVg;6
He-Man and the Masters of the Universe 2002;67215zbSNQ4;3
He-Man and the Masters of the Universe 2002;_THyUqc_8KM;3
He-Man and the Masters of the Universe 2002;0bg73uJ1Sr8;2
He-Man and the Masters of the Universe 2002;4OAkY52vpxM;4
He-Man and the Masters of the Universe 2002;0mvvNyC3fKc;2
The Ren & Stimpy Show;c-63r75iSeo;1
The Ren & Stimpy Show;VwmDsxbt_lU;3
The Yogi Bear Show;Jfi6LvGym2Y;1
The Porky Pig Show;rLqSORsrF2k;1
The Porky Pig Show;Fc_SBj293no;3
The Porky Pig Show;Ooi5WW23jgM;2
The Daffy Duck Show;Ooi5WW23jgM;2
The Daffy Duck Show;TRjenm4JSJ4;2
Young Justice;aETFOWMmy7o;3
Young Justice;f8ZYZDpywNI;3
Young Justice;43Z98-9eMYc;5
Baby Looney Tunes;AcjEbxW9KQw;1
Baby Looney Tunes;ZddqD945Cyw;1
Baby Looney Tunes;ARN5O3N8Itk;1
The Transformers;yScObvtkU-8;23
The Transformers;uB7pWle1HoQ;13
The Transformers;ET9SHYzMz_4;2
The Transformers;2V_LmUEtPMs;1
The Transformers;W0QXpcFQOZA;3
The Transformers;eaVcpfncOWs;5
The Transformers;YHzztKWinXs;1
Rocko's Modern Life;UVUatYPScjw;1
Rocko's Modern Life;o7E02AvuaZA;4
Rocko's Modern Life;_HmEGRVUcR0;1
Rocko's Modern Life;WustAPIJi28;4
Rocko's Modern Life;yKfhr5zQRLo;2
Rocko's Modern Life;cV_dxBzVzvg;5
Lilo & Stitch: The Series;QAYU51IU9JU;3
Lilo & Stitch: The Series;WREobnmYO4M;8
Lilo & Stitch: The Series;fkEtSVlFKEQ;1
The New Scooby-Doo Movies;D6Kw4-54Sk8;1
The New Scooby-Doo Movies;35HRETyJUg4;1
Mickey;a8kG23za00M;2
Mickey;0aqLwHP4y6Q;4
Mickey;EPklLqyuCIA;3
Mickey;mtOlRsJ4UXM;7
Curious George;dqUdI4AIDF0;2
Schoolhouse Rock;RnVmIrAiQB8;1
Schoolhouse Rock;aU4pyiB-kq0;5
Schoolhouse Rock;rZMmPWTwTHc;22
Schoolhouse Rock;5ZQl6XBo64M;12
Schoolhouse Rock;CLuPNThw0RE;2
Blue's Clues;MNBgklX4F7g;3
Steven Universe;MvjtCqNA5E0;4
Steven Universe;OpQfUgQCS8g;1
Steven Universe;MuIbS2kmxKI;3
Steven Universe;uJ4rAdqbXPo;2
Steven Universe;OOXHpRdzSKY;3
Steven Universe;V4g1Xr3cTuE;5
Steven Universe;GJRTSpZRG4I;3
Beavis and Butt-head;Ii8H2tYcFYY;1
Beavis and Butt-head;VCmYfJQ0j4Y;9
Beavis and Butt-head;INzXO48oh20;1
Beavis and Butt-head;3hDNXE0v8kU;4
Beavis and Butt-head;rkWvNUO7qk8;2
Jackie Chan Adventures;ZLdDjLEIpzI;1
Jackie Chan Adventures;3zjoFdPz1i8;1
G.I. Joe;mUWJVg4ARw0;1
G.I. Joe;N4lWvcSjbbQ;1
G.I. Joe;uSkYTLJ9dhE;4
G.I. Joe;4Ah2I166f_U;12
G.I. Joe;4GPUFujHcVg;9
G.I. Joe;BtD61o3VTVM;1
Naruto;4bo5LdL2kFs;9
Naruto;PFUQQ0EV3tc;1
Naruto;jZDNjVISw18;20
Naruto;_ZYpFcTXmn0;8
Naruto;gfy4-TjINBk;1
Naruto;I0rytZmLtWU;1
The Huckleberry Hound Show;iKkk_0ZBEGY;1
Thundercats 2011;vA4FpVkxw08;1
Thundercats 2011;3k-p_OE7PPg;12
Thundercats 2011;ckpcldJByGA;1
Thundercats 2011;t2s52JWsA14;12
Dragon Ball;ni4tkzOVZqI;3
Dragon Ball;ObA3BiNAEO8;14
Dragon Ball;ybey8l4b1xE;1
Dragon Ball;31AGbqUMizc;12
Dragon Ball;krCoACMWzD8;123
Dragon Ball;1GhkFVgS8bk;2
Dragon Ball;rovLs3lIjyo;44
Dragon Ball;3Ng9vAbeMx0;4
Star Wars: Clone Wars;5FBNbvF4OGo;2
Star Wars: Clone Wars;g6-yclEOgR4;6
Star Wars: Clone Wars;ZLW2jkd6E7g;4
Star Wars: Clone Wars;QJaQls9UpOQ;2
The Little Mermaid;xfkkMHieqcI;2
The Little Mermaid;mmbGT-OLohc;9
The Little Mermaid;uT_Hq9_AuXQ;7
The Little Mermaid;LG6zL909y_o;1
The Little Mermaid;9Jn28aqm8eU;1
Archer;EHbmRwASl94;2
Archer;vJ0U39heCVI;2
Doug;myCJXRSkmYM;52
Doug;ikcfjGxi3kk;2
Doug;-eiszpuVpy4;13
Doug;N60ms3j2cjw;19
Doug;UGEcF8_tK9Q;57
Doug;_gPr7a6iZQ0;12
Doug;RpEXRmDbDh4;26
Doug;Z2YLEPFa750;43
Doug;3u1r-1dL5OM;2
Doug;WXRFYiMlMLs;10
American Dragon: Jake Long;RFR1fP384MY;25
American Dragon: Jake Long;TzDpLsX2qys;1
Donald Duck: Disney Animated Shorts;roPvlvh2Em4;1
Donald Duck: Disney Animated Shorts;U_ZHsk0-eF0;2
Hercules;zgnHF2CwrPs;1
Hercules;2TOB2McGSVw;3
Hercules;AdmYwsWTSD4;3
Hercules;8qh7YV23aRY;5
Hercules;on2oY44h7R0;5
The Care Bears;6dbpeobnobs;1
The Real Ghostbusters;MyGGtaP_KhE;1
The Real Ghostbusters;1z5Oc76joxo;1
The Batman;-FZ-pPFAjYY;112
The Batman;U3olJWzIKvY;20
The Batman;MEIpVckaEsg;4
The Batman;NLOp_6uPccQ;202
The Batman;zJxSqzlIJwU;5
The Batman;6Vc0xXO_Sbs;27
Clifford the Big Red Dog;lwmGE3oNAVA;8
Clifford the Big Red Dog;Otcn0COZzzE;3
The Rocky and Bullwinkle Show;z83q1NYWIyQ;1
The Legend of Korra;omB6FnzU270;1
The Legend of Korra;UYFKqiZSiXo;10
The Legend of Korra;fVUb8Ta7vZ8;2
The Legend of Korra;pF9GVPJWCy8;4
The Legend of Korra;6jHzP4pS50M;6
Johnny Test;cSK6OEu6Obg;7
Johnny Test;jBX5_9gfwhc;1
